iter	MultiClass
0	3.199692511
1	2.99359279
2	2.817326507
3	2.672090702
4	2.554108931
5	2.460104331
6	2.36067596
7	2.277723453
8	2.208362336
9	2.128217812
10	2.069537302
11	2.018639158
12	1.975301174
13	1.925625523
14	1.886615394
15	1.847299193
